{
  "val": {
    "xgb": {
      "macro_f1": 0.9942014331961598,
      "confusion_matrix": [
        [
          45011,
          0,
          0,
          0,
          0,
          1,
          0,
          0,
          0,
          1
        ],
        [
          0,
          44950,
          0,
          0,
          0,
          0,
          0,
          0,
          0,
          0
        ],
        [
          0,
          0,
          45095,
          0,
          0,
          0,
          0,
          0,
          1,
          0
        ],
        [
          0,
          0,
          0,
          44732,
          0,
          0,
          0,
          61,
          0,
          0
        ],
        [
          0,
          0,
          0,
          0,
          44819,
          1,
          14,
          276,
          0,
          1
        ],
        [
          0,
          0,
          1,
          0,
          0,
          43841,
          0,
          1143,
          0,
          0
        ],
        [
          0,
          0,
          6,
          0,
          69,
          1,
          44976,
          0,
          0,
          2
        ],
        [
          0,
          0,
          0,
          196,
          131,
          618,
          0,
          44047,
          0,
          2
        ],
        [
          0,
          0,
          0,
          0,
          1,
          1,
          0,
          0,
          44911,
          11
        ],
        [
          0,
          0,
          1,
          0,
          0,
          1,
          0,
          0,
          71,
          45111
        ]
      ]
    },
    "proto": {
      "macro_f1": 0.9872812942955592,
      "confusion_matrix": [
        [
          30914,
          1071,
          1705,
          1565,
          708,
          1548,
          1002,
          4280,
          1513,
          707
        ],
        [
          987,
          32292,
          804,
          1734,
          289,
          505,
          68,
          4360,
          2490,
          1421
        ],
        [
          651,
          372,
          29974,
          1530,
          1347,
          378,
          4837,
          3033,
          2302,
          672
        ],
        [
          423,
          1800,
          1565,
          30299,
          371,
          472,
          76,
          5218,
          3835,
          734
        ],
        [
          287,
          202,
          1350,
          568,
          29835,
          3591,
          2074,
          4176,
          2174,
          854
        ],
        [
          1201,
          601,
          574,
          471,
          1011,
          37259,
          138,
          3125,
          468,
          137
        ],
        [
          137,
          303,
          5386,
          1328,
          1531,
          1047,
          30165,
          3616,
          928,
          613
        ],
        [
          396,
          1111,
          1912,
          4956,
          1902,
          1844,
          577,
          26254,
          5230,
          812
        ],
        [
          1545,
          878,
          1636,
          2263,
          1278,
          497,
          1332,
          6022,
          26800,
          2673
        ],
        [
          157,
          328,
          1225,
          1479,
          626,
          725,
          215,
          3351,
          4332,
          32746
        ]
      ]
    },
    "hybrid": {
      "macro_f1": 0.9942014331961598,
      "confusion_matrix": [
        [
          45011,
          0,
          0,
          0,
          0,
          1,
          0,
          0,
          0,
          1
        ],
        [
          0,
          44950,
          0,
          0,
          0,
          0,
          0,
          0,
          0,
          0
        ],
        [
          0,
          0,
          45095,
          0,
          0,
          0,
          0,
          0,
          1,
          0
        ],
        [
          0,
          0,
          0,
          44732,
          0,
          0,
          0,
          61,
          0,
          0
        ],
        [
          0,
          0,
          0,
          0,
          44819,
          1,
          14,
          276,
          0,
          1
        ],
        [
          0,
          0,
          1,
          0,
          0,
          43841,
          0,
          1143,
          0,
          0
        ],
        [
          0,
          0,
          6,
          0,
          69,
          1,
          44976,
          0,
          0,
          2
        ],
        [
          0,
          0,
          0,
          196,
          131,
          618,
          0,
          44047,
          0,
          2
        ],
        [
          0,
          0,
          0,
          0,
          1,
          1,
          0,
          0,
          44911,
          11
        ],
        [
          0,
          0,
          1,
          0,
          0,
          1,
          0,
          0,
          71,
          45111
        ]
      ]
    }
  },
  "test": {
    "xgb": {
      "macro_f1": 0.994153835590763,
      "confusion_matrix": [
        [
          45013,
          0,
          0,
          0,
          0,
          0,
          0,
          0,
          1,
          0
        ],
        [
          0,
          44949,
          0,
          0,
          0,
          0,
          0,
          0,
          0,
          0
        ],
        [
          0,
          0,
          45093,
          0,
          1,
          0,
          0,
          2,
          0,
          0
        ],
        [
          0,
          0,
          0,
          44713,
          0,
          1,
          0,
          79,
          0,
          0
        ],
        [
          0,
          0,
          0,
          0,
          44795,
          0,
          9,
          304,
          1,
          2
        ],
        [
          0,
          0,
          1,
          0,
          0,
          43876,
          0,
          1108,
          0,
          1
        ],
        [
          1,
          1,
          8,
          0,
          66,
          0,
          44977,
          1,
          1,
          0
        ],
        [
          0,
          0,
          0,
          182,
          136,
          642,
          0,
          44034,
          0,
          0
        ],
        [
          0,
          0,
          0,
          0,
          0,
          0,
          0,
          0,
          44906,
          17
        ],
        [
          0,
          0,
          0,
          0,
          0,
          0,
          0,
          0,
          68,
          45116
        ]
      ]
    },
    "proto": {
      "macro_f1": 0.9876671265636614,